Server,Connection,X-Powered-By,Access-Control-Allow-Origin,Access-Control-Allow-Headers,Content-Type,Content-Length,Etag,Date,Via
Cowboy,keep-alive,Express,*,"Origin, X-Requested-With, Content-Type, Accept",application/json; charset=utf-8,149,"W/""95-g4sQTGksgcne7DJnVlu9G9xZ66Y""","Sun, 30 Oct 2022 02:03:37 GMT",1.1 vegur
Cowboy,keep-alive,Express,*,"Origin, X-Requested-With, Content-Type, Accept",application/json; charset=utf-8,121,"W/""79-viB2xe88g+12d2VK34bFOMrmkr4""","Sun, 30 Oct 2022 02:03:37 GMT",1.1 vegur
Cowboy,keep-alive,Express,*,"Origin, X-Requested-With, Content-Type, Accept",application/json; charset=utf-8,159,"W/""9f-VDlFIwxv7F2Jn6szLyIwG4cmBh0""","Sun, 30 Oct 2022 02:03:37 GMT",1.1 vegur
Cowboy,keep-alive,Express,*,"Origin, X-Requested-With, Content-Type, Accept",application/json; charset=utf-8,135,"W/""87-hsxLgcK2hy3Uoj6B8IUqnKqF1fc""","Sun, 30 Oct 2022 02:03:37 GMT",1.1 vegur
Cowboy,keep-alive,Express,*,"Origin, X-Requested-With, Content-Type, Accept",application/json; charset=utf-8,127,"W/""7f-llw2/n5Im2D8avha5hTHVG9RL5o""","Sun, 30 Oct 2022 02:03:37 GMT",1.1 vegur
Cowboy,keep-alive,Express,*,"Origin, X-Requested-With, Content-Type, Accept",application/json; charset=utf-8,151,"W/""97-4kUnTX6IAgTQJ6ZdaFudVZOjKuo""","Sun, 30 Oct 2022 02:03:37 GMT",1.1 vegur
Cowboy,keep-alive,Express,*,"Origin, X-Requested-With, Content-Type, Accept",application/json; charset=utf-8,146,"W/""92-FxTFycwQ3xiSi7e2BqiW8vFPPW8""","Sun, 30 Oct 2022 02:03:37 GMT",1.1 vegur
Cowboy,keep-alive,Express,*,"Origin, X-Requested-With, Content-Type, Accept",application/json; charset=utf-8,125,"W/""7d-6aJI2SECLf6o89W6zh5vd0ARRbA""","Sun, 30 Oct 2022 02:03:37 GMT",1.1 vegur
Cowboy,keep-alive,Express,*,"Origin, X-Requested-With, Content-Type, Accept",application/json; charset=utf-8,138,"W/""8a-rJtxNy8qbAQZGrPA/daB3+iLmyc""","Sun, 30 Oct 2022 02:03:37 GMT",1.1 vegur
Cowboy,keep-alive,Express,*,"Origin, X-Requested-With, Content-Type, Accept",application/json; charset=utf-8,160,"W/""a0-qsQpyIxphVOWl80438Yjz/SYg00""","Sun, 30 Oct 2022 02:03:42 GMT",1.1 vegur
Cowboy,keep-alive,Express,*,"Origin, X-Requested-With, Content-Type, Accept",application/json; charset=utf-8,139,"W/""8b-xsJypC4vBb4biiVlVSv4JSGTopM""","Sun, 30 Oct 2022 02:03:42 GMT",1.1 vegur
Cowboy,keep-alive,Express,*,"Origin, X-Requested-With, Content-Type, Accept",application/json; charset=utf-8,142,"W/""8e-G/XsFW2gYOHwllC2L66f96WE6OA""","Sun, 30 Oct 2022 02:03:42 GMT",1.1 vegur
Cowboy,keep-alive,Express,*,"Origin, X-Requested-With, Content-Type, Accept",application/json; charset=utf-8,123,"W/""7b-+ilzojflYSHelBr1GbwHavMKgyw""","Sun, 30 Oct 2022 02:03:42 GMT",1.1 vegur
Cowboy,keep-alive,Express,*,"Origin, X-Requested-With, Content-Type, Accept",application/json; charset=utf-8,142,"W/""8e-v8VcA7g43dFavGrWos+SIwdUyco""","Sun, 30 Oct 2022 02:03:42 GMT",1.1 vegur
Cowboy,keep-alive,Express,*,"Origin, X-Requested-With, Content-Type, Accept",application/json; charset=utf-8,119,"W/""77-WM2R57se21a1jsI76zGkWltmfNU""","Sun, 30 Oct 2022 02:03:42 GMT",1.1 vegur
Cowboy,keep-alive,Express,*,"Origin, X-Requested-With, Content-Type, Accept",application/json; charset=utf-8,146,"W/""92-8m1ulk7OTM97s77jzf9f0REtEAA""","Sun, 30 Oct 2022 02:03:42 GMT",1.1 vegur
Cowboy,keep-alive,Express,*,"Origin, X-Requested-With, Content-Type, Accept",application/json; charset=utf-8,122,"W/""7a-J33ozl5Ltb2DNH4zkSyrJUtQ/jo""","Sun, 30 Oct 2022 02:03:42 GMT",1.1 vegur
Cowboy,keep-alive,Express,*,"Origin, X-Requested-With, Content-Type, Accept",application/json; charset=utf-8,125,"W/""7d-gSLjfmhdw6uarM2/TSvXS+2Ydic""","Sun, 30 Oct 2022 02:03:42 GMT",1.1 vegur
Cowboy,keep-alive,Express,*,"Origin, X-Requested-With, Content-Type, Accept",application/json; charset=utf-8,135,"W/""87-5nM+odCjz0lN54OSGZ6YLVgOXNc""","Sun, 30 Oct 2022 02:03:48 GMT",1.1 vegur
Cowboy,keep-alive,Express,*,"Origin, X-Requested-With, Content-Type, Accept",application/json; charset=utf-8,148,"W/""94-fLdFoltiYjMFWvv5scLBRII+9mo""","Sun, 30 Oct 2022 02:03:48 GMT",1.1 vegur
Cowboy,keep-alive,Express,*,"Origin, X-Requested-With, Content-Type, Accept",application/json; charset=utf-8,130,"W/""82-KMvPHiVV22dD2LIGFYF4sWsF714""","Sun, 30 Oct 2022 02:03:48 GMT",1.1 vegur
Cowboy,keep-alive,Express,*,"Origin, X-Requested-With, Content-Type, Accept",application/json; charset=utf-8,116,"W/""74-uQqm6fN+IBjOgMC7RKyhjP+Q+fo""","Sun, 30 Oct 2022 02:03:48 GMT",1.1 vegur
Cowboy,keep-alive,Express,*,"Origin, X-Requested-With, Content-Type, Accept",application/json; charset=utf-8,143,"W/""8f-ysXG7C2bo6/kjrkRnocrmhVtFeo""","Sun, 30 Oct 2022 02:03:48 GMT",1.1 vegur
Cowboy,keep-alive,Express,*,"Origin, X-Requested-With, Content-Type, Accept",application/json; charset=utf-8,134,"W/""86-8I2tyGWT2BRwZpNrEw3+VvbvKzE""","Sun, 30 Oct 2022 02:03:48 GMT",1.1 vegur
Cowboy,keep-alive,Express,*,"Origin, X-Requested-With, Content-Type, Accept",application/json; charset=utf-8,144,"W/""90-e+BtC1R8w3pF3XuDp298Gc5Hz/s""","Sun, 30 Oct 2022 02:03:48 GMT",1.1 vegur
Cowboy,keep-alive,Express,*,"Origin, X-Requested-With, Content-Type, Accept",application/json; charset=utf-8,137,"W/""89-yLc8noxnzyUjcCCud6J8pMVhu3c""","Sun, 30 Oct 2022 02:03:48 GMT",1.1 vegur
Cowboy,keep-alive,Express,*,"Origin, X-Requested-With, Content-Type, Accept",application/json; charset=utf-8,159,"W/""9f-VDlFIwxv7F2Jn6szLyIwG4cmBh0""","Sun, 30 Oct 2022 02:03:48 GMT",1.1 vegur
Cowboy,keep-alive,Express,*,"Origin, X-Requested-With, Content-Type, Accept",application/json; charset=utf-8,177,"W/""b1-O9K7qx8mdT1VgEB/YYujJQmjNJM""","Sun, 30 Oct 2022 02:03:53 GMT",1.1 vegur
Cowboy,keep-alive,Express,*,"Origin, X-Requested-With, Content-Type, Accept",application/json; charset=utf-8,134,"W/""86-9Iu0YMjNCKSVLa86gM/K04Frxwc""","Sun, 30 Oct 2022 02:03:53 GMT",1.1 vegur
Cowboy,keep-alive,Express,*,"Origin, X-Requested-With, Content-Type, Accept",application/json; charset=utf-8,152,"W/""98-Yl8YGqNmFaYKIRZ3o4Ip5lsOy1k""","Sun, 30 Oct 2022 02:03:53 GMT",1.1 vegur
Cowboy,keep-alive,Express,*,"Origin, X-Requested-With, Content-Type, Accept",application/json; charset=utf-8,123,"W/""7b-1aUextmK4/fqvKR2V8ivcsI717Q""","Sun, 30 Oct 2022 02:03:53 GMT",1.1 vegur
Cowboy,keep-alive,Express,*,"Origin, X-Requested-With, Content-Type, Accept",application/json; charset=utf-8,120,"W/""78-tZHpEjYTiXlvBBUX8OzulbytI3Q""","Sun, 30 Oct 2022 02:03:53 GMT",1.1 vegur
Cowboy,keep-alive,Express,*,"Origin, X-Requested-With, Content-Type, Accept",application/json; charset=utf-8,143,"W/""8f-ysXG7C2bo6/kjrkRnocrmhVtFeo""","Sun, 30 Oct 2022 02:03:53 GMT",1.1 vegur
Cowboy,keep-alive,Express,*,"Origin, X-Requested-With, Content-Type, Accept",application/json; charset=utf-8,161,"W/""a1-AgUQzsSPhZBt8cmG5UrvCH40w3w""","Sun, 30 Oct 2022 02:03:53 GMT",1.1 vegur
Cowboy,keep-alive,Express,*,"Origin, X-Requested-With, Content-Type, Accept",application/json; charset=utf-8,133,"W/""85-7K+MG7kD++BMx/bdGWifpY/+SLQ""","Sun, 30 Oct 2022 02:03:53 GMT",1.1 vegur
Cowboy,keep-alive,Express,*,"Origin, X-Requested-With, Content-Type, Accept",application/json; charset=utf-8,147,"W/""93-4XZMmx/UVUZ6qTW+5RgITvGvNfA""","Sun, 30 Oct 2022 02:03:53 GMT",1.1 vegur
Cowboy,keep-alive,Express,*,"Origin, X-Requested-With, Content-Type, Accept",application/json; charset=utf-8,127,"W/""7f-06v6qtcz4Pg1n0QI7o29D3HauJk""","Sun, 30 Oct 2022 02:03:59 GMT",1.1 vegur
Cowboy,keep-alive,Express,*,"Origin, X-Requested-With, Content-Type, Accept",application/json; charset=utf-8,130,"W/""82-dKp43Rb2JPiAVKSeHmz06wYkdC4""","Sun, 30 Oct 2022 02:03:59 GMT",1.1 vegur
Cowboy,keep-alive,Express,*,"Origin, X-Requested-With, Content-Type, Accept",application/json; charset=utf-8,147,"W/""93-gt1zIqWloBRRBnmMfqDwJNqzPRg""","Sun, 30 Oct 2022 02:03:59 GMT",1.1 vegur
Cowboy,keep-alive,Express,*,"Origin, X-Requested-With, Content-Type, Accept",application/json; charset=utf-8,128,"W/""80-BfjPQ6O447dRxZKn538K/0I2r5E""","Sun, 30 Oct 2022 02:03:59 GMT",1.1 vegur
Cowboy,keep-alive,Express,*,"Origin, X-Requested-With, Content-Type, Accept",application/json; charset=utf-8,123,"W/""7b-+ilzojflYSHelBr1GbwHavMKgyw""","Sun, 30 Oct 2022 02:03:59 GMT",1.1 vegur
Cowboy,keep-alive,Express,*,"Origin, X-Requested-With, Content-Type, Accept",application/json; charset=utf-8,138,"W/""8a-MtTpA5zJU3NtjUui+IJ2t7njp0k""","Sun, 30 Oct 2022 02:03:59 GMT",1.1 vegur
Cowboy,keep-alive,Express,*,"Origin, X-Requested-With, Content-Type, Accept",application/json; charset=utf-8,124,"W/""7c-GenC7I3LuHv1F2xlUu+/TbnTvZY""","Sun, 30 Oct 2022 02:03:59 GMT",1.1 vegur
Cowboy,keep-alive,Express,*,"Origin, X-Requested-With, Content-Type, Accept",application/json; charset=utf-8,166,"W/""a6-qKsAZP9RfQe7HaX6JYJkouxDPpU""","Sun, 30 Oct 2022 02:03:59 GMT",1.1 vegur
Cowboy,keep-alive,Express,*,"Origin, X-Requested-With, Content-Type, Accept",application/json; charset=utf-8,134,"W/""86-Jv8ZboB8ImLXR1sJhXPFU8E3H8Y""","Sun, 30 Oct 2022 02:03:59 GMT",1.1 vegur
Cowboy,keep-alive,Express,*,"Origin, X-Requested-With, Content-Type, Accept",application/json; charset=utf-8,135,"W/""87-hsxLgcK2hy3Uoj6B8IUqnKqF1fc""","Sun, 30 Oct 2022 02:04:05 GMT",1.1 vegur
Cowboy,keep-alive,Express,*,"Origin, X-Requested-With, Content-Type, Accept",application/json; charset=utf-8,141,"W/""8d-d6lOOg3Rp03lZ2BgWtuW+pCeBN8""","Sun, 30 Oct 2022 02:04:05 GMT",1.1 vegur
Cowboy,keep-alive,Express,*,"Origin, X-Requested-With, Content-Type, Accept",application/json; charset=utf-8,128,"W/""80-DSkjtFS74OtBBpV+21cI83LPyVw""","Sun, 30 Oct 2022 02:04:05 GMT",1.1 vegur
Cowboy,keep-alive,Express,*,"Origin, X-Requested-With, Content-Type, Accept",application/json; charset=utf-8,142,"W/""8e-v8VcA7g43dFavGrWos+SIwdUyco""","Sun, 30 Oct 2022 02:04:05 GMT",1.1 vegur
Cowboy,keep-alive,Express,*,"Origin, X-Requested-With, Content-Type, Accept",application/json; charset=utf-8,170,"W/""aa-NI9raI6pwU3PlXyh+Zwt4R4obNg""","Sun, 30 Oct 2022 02:04:05 GMT",1.1 vegur
Cowboy,keep-alive,Express,*,"Origin, X-Requested-With, Content-Type, Accept",application/json; charset=utf-8,124,"W/""7c-cOMTa1cyHNpBb9A6nwmCKKUkyTw""","Sun, 30 Oct 2022 02:04:05 GMT",1.1 vegur
Cowboy,keep-alive,Express,*,"Origin, X-Requested-With, Content-Type, Accept",application/json; charset=utf-8,161,"W/""a1-AgUQzsSPhZBt8cmG5UrvCH40w3w""","Sun, 30 Oct 2022 02:04:05 GMT",1.1 vegur
Cowboy,keep-alive,Express,*,"Origin, X-Requested-With, Content-Type, Accept",application/json; charset=utf-8,150,"W/""96-6an0WFtY/cZOy49oLsoitk6p1XY""","Sun, 30 Oct 2022 02:04:05 GMT",1.1 vegur
Cowboy,keep-alive,Express,*,"Origin, X-Requested-With, Content-Type, Accept",application/json; charset=utf-8,142,"W/""8e-v8VcA7g43dFavGrWos+SIwdUyco""","Sun, 30 Oct 2022 02:04:05 GMT",1.1 vegur
Cowboy,keep-alive,Express,*,"Origin, X-Requested-With, Content-Type, Accept",application/json; charset=utf-8,191,"W/""bf-1SxwhN9ByMoHZzF2Ix7eah5ZZrA""","Sun, 30 Oct 2022 02:04:11 GMT",1.1 vegur
Cowboy,keep-alive,Express,*,"Origin, X-Requested-With, Content-Type, Accept",application/json; charset=utf-8,142,"W/""8e-gu0P17yNR0U+8QGq34+UTXekams""","Sun, 30 Oct 2022 02:04:11 GMT",1.1 vegur
Cowboy,keep-alive,Express,*,"Origin, X-Requested-With, Content-Type, Accept",application/json; charset=utf-8,157,"W/""9d-R9ijJujzl7MzQKVslUT9TYkytSw""","Sun, 30 Oct 2022 02:04:11 GMT",1.1 vegur
Cowboy,keep-alive,Express,*,"Origin, X-Requested-With, Content-Type, Accept",application/json; charset=utf-8,138,"W/""8a-XxUV7Uny8AgfKETGDY9Er7tlUGA""","Sun, 30 Oct 2022 02:04:11 GMT",1.1 vegur
Cowboy,keep-alive,Express,*,"Origin, X-Requested-With, Content-Type, Accept",application/json; charset=utf-8,141,"W/""8d-d6lOOg3Rp03lZ2BgWtuW+pCeBN8""","Sun, 30 Oct 2022 02:04:11 GMT",1.1 vegur
Cowboy,keep-alive,Express,*,"Origin, X-Requested-With, Content-Type, Accept",application/json; charset=utf-8,139,"W/""8b-wcpqUNZh//FBUDSr2/HD5bxgE4A""","Sun, 30 Oct 2022 02:04:11 GMT",1.1 vegur
Cowboy,keep-alive,Express,*,"Origin, X-Requested-With, Content-Type, Accept",application/json; charset=utf-8,146,"W/""92-o1nHW9IIbdYAQ40ifimKzrSNwMA""","Sun, 30 Oct 2022 02:04:11 GMT",1.1 vegur
Cowboy,keep-alive,Express,*,"Origin, X-Requested-With, Content-Type, Accept",application/json; charset=utf-8,150,"W/""96-oI4UxaFS2l6luOUwULztieM2aR8""","Sun, 30 Oct 2022 02:04:11 GMT",1.1 vegur
Cowboy,keep-alive,Express,*,"Origin, X-Requested-With, Content-Type, Accept",application/json; charset=utf-8,127,"W/""7f-llw2/n5Im2D8avha5hTHVG9RL5o""","Sun, 30 Oct 2022 02:04:11 GMT",1.1 vegur
Cowboy,keep-alive,Express,*,"Origin, X-Requested-With, Content-Type, Accept",application/json; charset=utf-8,154,"W/""9a-+IqyEo6S+CPE/ZxmHmJznGoZxko""","Sun, 30 Oct 2022 02:04:16 GMT",1.1 vegur
Cowboy,keep-alive,Express,*,"Origin, X-Requested-With, Content-Type, Accept",application/json; charset=utf-8,159,"W/""9f-VDlFIwxv7F2Jn6szLyIwG4cmBh0""","Sun, 30 Oct 2022 02:04:16 GMT",1.1 vegur
Cowboy,keep-alive,Express,*,"Origin, X-Requested-With, Content-Type, Accept",application/json; charset=utf-8,133,"W/""85-7K+MG7kD++BMx/bdGWifpY/+SLQ""","Sun, 30 Oct 2022 02:04:16 GMT",1.1 vegur
Cowboy,keep-alive,Express,*,"Origin, X-Requested-With, Content-Type, Accept",application/json; charset=utf-8,116,"W/""74-uQqm6fN+IBjOgMC7RKyhjP+Q+fo""","Sun, 30 Oct 2022 02:04:16 GMT",1.1 vegur
Cowboy,keep-alive,Express,*,"Origin, X-Requested-With, Content-Type, Accept",application/json; charset=utf-8,152,"W/""98-GD0Z0Bpjbh+p2yohnMD1DFzzlc4""","Sun, 30 Oct 2022 02:04:16 GMT",1.1 vegur
Cowboy,keep-alive,Express,*,"Origin, X-Requested-With, Content-Type, Accept",application/json; charset=utf-8,135,"W/""87-5nM+odCjz0lN54OSGZ6YLVgOXNc""","Sun, 30 Oct 2022 02:04:16 GMT",1.1 vegur
Cowboy,keep-alive,Express,*,"Origin, X-Requested-With, Content-Type, Accept",application/json; charset=utf-8,129,"W/""81-N3UQLqz43rhya7TL3fH7SZ8pxlM""","Sun, 30 Oct 2022 02:04:16 GMT",1.1 vegur
Cowboy,keep-alive,Express,*,"Origin, X-Requested-With, Content-Type, Accept",application/json; charset=utf-8,136,"W/""88-2TybGdVjjr+FJoVwNnUIYEBE3Po""","Sun, 30 Oct 2022 02:04:16 GMT",1.1 vegur
Cowboy,keep-alive,Express,*,"Origin, X-Requested-With, Content-Type, Accept",application/json; charset=utf-8,120,"W/""78-tZHpEjYTiXlvBBUX8OzulbytI3Q""","Sun, 30 Oct 2022 02:04:16 GMT",1.1 vegur
Cowboy,keep-alive,Express,*,"Origin, X-Requested-With, Content-Type, Accept",application/json; charset=utf-8,123,"W/""7b-1aUextmK4/fqvKR2V8ivcsI717Q""","Sun, 30 Oct 2022 02:04:22 GMT",1.1 vegur
Cowboy,keep-alive,Express,*,"Origin, X-Requested-With, Content-Type, Accept",application/json; charset=utf-8,135,"W/""87-hsxLgcK2hy3Uoj6B8IUqnKqF1fc""","Sun, 30 Oct 2022 02:04:22 GMT",1.1 vegur
Cowboy,keep-alive,Express,*,"Origin, X-Requested-With, Content-Type, Accept",application/json; charset=utf-8,144,"W/""90-e+BtC1R8w3pF3XuDp298Gc5Hz/s""","Sun, 30 Oct 2022 02:04:22 GMT",1.1 vegur
Cowboy,keep-alive,Express,*,"Origin, X-Requested-With, Content-Type, Accept",application/json; charset=utf-8,134,"W/""86-9Iu0YMjNCKSVLa86gM/K04Frxwc""","Sun, 30 Oct 2022 02:04:22 GMT",1.1 vegur
Cowboy,keep-alive,Express,*,"Origin, X-Requested-With, Content-Type, Accept",application/json; charset=utf-8,120,"W/""78-XYGBqJq0kuJpjPSM1gvYcU0B0BQ""","Sun, 30 Oct 2022 02:04:22 GMT",1.1 vegur
Cowboy,keep-alive,Express,*,"Origin, X-Requested-With, Content-Type, Accept",application/json; charset=utf-8,124,"W/""7c-cOMTa1cyHNpBb9A6nwmCKKUkyTw""","Sun, 30 Oct 2022 02:04:23 GMT",1.1 vegur
Cowboy,keep-alive,Express,*,"Origin, X-Requested-With, Content-Type, Accept",application/json; charset=utf-8,135,"W/""87-5nM+odCjz0lN54OSGZ6YLVgOXNc""","Sun, 30 Oct 2022 02:04:22 GMT",1.1 vegur
Cowboy,keep-alive,Express,*,"Origin, X-Requested-With, Content-Type, Accept",application/json; charset=utf-8,145,"W/""91-Xwiuy/oP9LlS8OFJCztMjZ3LW/s""","Sun, 30 Oct 2022 02:04:22 GMT",1.1 vegur
Cowboy,keep-alive,Express,*,"Origin, X-Requested-With, Content-Type, Accept",application/json; charset=utf-8,150,"W/""96-oI4UxaFS2l6luOUwULztieM2aR8""","Sun, 30 Oct 2022 02:04:22 GMT",1.1 vegur
Cowboy,keep-alive,Express,*,"Origin, X-Requested-With, Content-Type, Accept",application/json; charset=utf-8,138,"W/""8a-l0CqRoswPEwMCZKlnC02wXNXO0U""","Sun, 30 Oct 2022 02:04:28 GMT",1.1 vegur
Cowboy,keep-alive,Express,*,"Origin, X-Requested-With, Content-Type, Accept",application/json; charset=utf-8,122,"W/""7a-3tdRv4oLtzU129McUueH4g/34pA""","Sun, 30 Oct 2022 02:04:28 GMT",1.1 vegur
Cowboy,keep-alive,Express,*,"Origin, X-Requested-With, Content-Type, Accept",application/json; charset=utf-8,161,"W/""a1-AgUQzsSPhZBt8cmG5UrvCH40w3w""","Sun, 30 Oct 2022 02:04:28 GMT",1.1 vegur
Cowboy,keep-alive,Express,*,"Origin, X-Requested-With, Content-Type, Accept",application/json; charset=utf-8,146,"W/""92-1vHPnOO7DF2c3UjFKHcOEb2h2ns""","Sun, 30 Oct 2022 02:04:28 GMT",1.1 vegur
Cowboy,keep-alive,Express,*,"Origin, X-Requested-With, Content-Type, Accept",application/json; charset=utf-8,130,"W/""82-KMvPHiVV22dD2LIGFYF4sWsF714""","Sun, 30 Oct 2022 02:04:28 GMT",1.1 vegur
Cowboy,keep-alive,Express,*,"Origin, X-Requested-With, Content-Type, Accept",application/json; charset=utf-8,127,"W/""7f-utrVi2M6modPJLBLvQm61O4bRgM""","Sun, 30 Oct 2022 02:04:28 GMT",1.1 vegur
Cowboy,keep-alive,Express,*,"Origin, X-Requested-With, Content-Type, Accept",application/json; charset=utf-8,163,"W/""a3-3ZxdU+hXSKBkEZQosRPBHppN7HU""","Sun, 30 Oct 2022 02:04:28 GMT",1.1 vegur
Cowboy,keep-alive,Express,*,"Origin, X-Requested-With, Content-Type, Accept",application/json; charset=utf-8,170,"W/""aa-NI9raI6pwU3PlXyh+Zwt4R4obNg""","Sun, 30 Oct 2022 02:04:28 GMT",1.1 vegur
Cowboy,keep-alive,Express,*,"Origin, X-Requested-With, Content-Type, Accept",application/json; charset=utf-8,213,"W/""d5-8VnC4OXXF3HYZq8dmN+TyF+aAMI""","Sun, 30 Oct 2022 02:04:28 GMT",1.1 vegur
Cowboy,keep-alive,Express,*,"Origin, X-Requested-With, Content-Type, Accept",application/json; charset=utf-8,150,"W/""96-UkxZxX6iv5TkIAEGIxDPVotA6w8""","Sun, 30 Oct 2022 02:04:34 GMT",1.1 vegur
Cowboy,keep-alive,Express,*,"Origin, X-Requested-With, Content-Type, Accept",application/json; charset=utf-8,124,"W/""7c-hJbVzStfklbhsyjLt7MIdSiCvhU""","Sun, 30 Oct 2022 02:04:34 GMT",1.1 vegur
Cowboy,keep-alive,Express,*,"Origin, X-Requested-With, Content-Type, Accept",application/json; charset=utf-8,131,"W/""83-sedF1ojKgUG58C54l5JP//WnvH8""","Sun, 30 Oct 2022 02:04:34 GMT",1.1 vegur
Cowboy,keep-alive,Express,*,"Origin, X-Requested-With, Content-Type, Accept",application/json; charset=utf-8,165,"W/""a5-w+ZgqMtvGXM2Wy9Wi//Vt41eb+g""","Sun, 30 Oct 2022 02:04:34 GMT",1.1 vegur
Cowboy,keep-alive,Express,*,"Origin, X-Requested-With, Content-Type, Accept",application/json; charset=utf-8,125,"W/""7d-6aJI2SECLf6o89W6zh5vd0ARRbA""","Sun, 30 Oct 2022 02:04:34 GMT",1.1 vegur
Cowboy,keep-alive,Express,*,"Origin, X-Requested-With, Content-Type, Accept",application/json; charset=utf-8,124,"W/""7c-cOMTa1cyHNpBb9A6nwmCKKUkyTw""","Sun, 30 Oct 2022 02:04:34 GMT",1.1 vegur
Cowboy,keep-alive,Express,*,"Origin, X-Requested-With, Content-Type, Accept",application/json; charset=utf-8,171,"W/""ab-EDcMVXYLfH+OsdVcG+/P/fjwkYI""","Sun, 30 Oct 2022 02:04:34 GMT",1.1 vegur
Cowboy,keep-alive,Express,*,"Origin, X-Requested-With, Content-Type, Accept",application/json; charset=utf-8,137,"W/""89-iTb5112HjLnueUZsOyBh9qLsp0Y""","Sun, 30 Oct 2022 02:04:34 GMT",1.1 vegur
Cowboy,keep-alive,Express,*,"Origin, X-Requested-With, Content-Type, Accept",application/json; charset=utf-8,177,"W/""b1-O9K7qx8mdT1VgEB/YYujJQmjNJM""","Sun, 30 Oct 2022 02:04:34 GMT",1.1 vegur
Cowboy,keep-alive,Express,*,"Origin, X-Requested-With, Content-Type, Accept",application/json; charset=utf-8,113,"W/""71-cSDCHznnjtYpCyTJu+F685xIFmw""","Sun, 30 Oct 2022 02:04:40 GMT",1.1 vegur
Cowboy,keep-alive,Express,*,"Origin, X-Requested-With, Content-Type, Accept",application/json; charset=utf-8,129,"W/""81-CRSvdYzNLdBSTRSB4vD92JfbcpE""","Sun, 30 Oct 2022 02:04:40 GMT",1.1 vegur
Cowboy,keep-alive,Express,*,"Origin, X-Requested-With, Content-Type, Accept",application/json; charset=utf-8,123,"W/""7b-1aUextmK4/fqvKR2V8ivcsI717Q""","Sun, 30 Oct 2022 02:04:39 GMT",1.1 vegur
Cowboy,keep-alive,Express,*,"Origin, X-Requested-With, Content-Type, Accept",application/json; charset=utf-8,138,"W/""8a-03hWHhY1Zv1NfbAfrA6bvvQ9BJM""","Sun, 30 Oct 2022 02:04:39 GMT",1.1 vegur
Cowboy,keep-alive,Express,*,"Origin, X-Requested-With, Content-Type, Accept",application/json; charset=utf-8,149,"W/""95-+u0P9g8Q6XrwtWvvQr2m6dADlkc""","Sun, 30 Oct 2022 02:04:39 GMT",1.1 vegur
Cowboy,keep-alive,Express,*,"Origin, X-Requested-With, Content-Type, Accept",application/json; charset=utf-8,121,"W/""79-viB2xe88g+12d2VK34bFOMrmkr4""","Sun, 30 Oct 2022 02:04:39 GMT",1.1 vegur
Cowboy,keep-alive,Express,*,"Origin, X-Requested-With, Content-Type, Accept",application/json; charset=utf-8,159,"W/""9f-VDlFIwxv7F2Jn6szLyIwG4cmBh0""","Sun, 30 Oct 2022 02:04:40 GMT",1.1 vegur
Cowboy,keep-alive,Express,*,"Origin, X-Requested-With, Content-Type, Accept",application/json; charset=utf-8,113,"W/""71-cSDCHznnjtYpCyTJu+F685xIFmw""","Sun, 30 Oct 2022 02:04:40 GMT",1.1 vegur
Cowboy,keep-alive,Express,*,"Origin, X-Requested-With, Content-Type, Accept",application/json; charset=utf-8,127,"W/""7f-OcQTocSgPFYpcJgg9+fcXmNGVzY""","Sun, 30 Oct 2022 02:04:40 GMT",1.1 vegur
Cowboy,keep-alive,Express,*,"Origin, X-Requested-With, Content-Type, Accept",application/json; charset=utf-8,113,"W/""71-cSDCHznnjtYpCyTJu+F685xIFmw""","Sun, 30 Oct 2022 02:04:45 GMT",1.1 vegur
Cowboy,keep-alive,Express,*,"Origin, X-Requested-With, Content-Type, Accept",application/json; charset=utf-8,138,"W/""8a-l0CqRoswPEwMCZKlnC02wXNXO0U""","Sun, 30 Oct 2022 02:04:45 GMT",1.1 vegur
Cowboy,keep-alive,Express,*,"Origin, X-Requested-With, Content-Type, Accept",application/json; charset=utf-8,152,"W/""98-Yl8YGqNmFaYKIRZ3o4Ip5lsOy1k""","Sun, 30 Oct 2022 02:04:45 GMT",1.1 vegur
Cowboy,keep-alive,Express,*,"Origin, X-Requested-With, Content-Type, Accept",application/json; charset=utf-8,159,"W/""9f-VDlFIwxv7F2Jn6szLyIwG4cmBh0""","Sun, 30 Oct 2022 02:04:45 GMT",1.1 vegur
Cowboy,keep-alive,Express,*,"Origin, X-Requested-With, Content-Type, Accept",application/json; charset=utf-8,204,"W/""cc-VLmjytCOi0lTR4rSjZGqPeqgG/k""","Sun, 30 Oct 2022 02:04:45 GMT",1.1 vegur
Cowboy,keep-alive,Express,*,"Origin, X-Requested-With, Content-Type, Accept",application/json; charset=utf-8,137,"W/""89-yLc8noxnzyUjcCCud6J8pMVhu3c""","Sun, 30 Oct 2022 02:04:45 GMT",1.1 vegur
Cowboy,keep-alive,Express,*,"Origin, X-Requested-With, Content-Type, Accept",application/json; charset=utf-8,143,"W/""8f-eMmgnsJAN1SU4aTohTwRVHo9iSs""","Sun, 30 Oct 2022 02:04:45 GMT",1.1 vegur
Cowboy,keep-alive,Express,*,"Origin, X-Requested-With, Content-Type, Accept",application/json; charset=utf-8,119,"W/""77-WM2R57se21a1jsI76zGkWltmfNU""","Sun, 30 Oct 2022 02:04:45 GMT",1.1 vegur
Cowboy,keep-alive,Express,*,"Origin, X-Requested-With, Content-Type, Accept",application/json; charset=utf-8,145,"W/""91-k1XXlP2/pz4dc1oSi6PBC7P8dTU""","Sun, 30 Oct 2022 02:04:45 GMT",1.1 vegur
Cowboy,keep-alive,Express,*,"Origin, X-Requested-With, Content-Type, Accept",application/json; charset=utf-8,149,"W/""95-+u0P9g8Q6XrwtWvvQr2m6dADlkc""","Sun, 30 Oct 2022 02:04:51 GMT",1.1 vegur
Cowboy,keep-alive,Express,*,"Origin, X-Requested-With, Content-Type, Accept",application/json; charset=utf-8,176,"W/""b0-C8DYF7+R5fyRxja8MMZJ+ho+xyA""","Sun, 30 Oct 2022 02:04:51 GMT",1.1 vegur
Cowboy,keep-alive,Express,*,"Origin, X-Requested-With, Content-Type, Accept",application/json; charset=utf-8,124,"W/""7c-hJbVzStfklbhsyjLt7MIdSiCvhU""","Sun, 30 Oct 2022 02:04:51 GMT",1.1 vegur
Cowboy,keep-alive,Express,*,"Origin, X-Requested-With, Content-Type, Accept",application/json; charset=utf-8,136,"W/""88-2TybGdVjjr+FJoVwNnUIYEBE3Po""","Sun, 30 Oct 2022 02:04:51 GMT",1.1 vegur
Cowboy,keep-alive,Express,*,"Origin, X-Requested-With, Content-Type, Accept",application/json; charset=utf-8,120,"W/""78-EvwzXN8StKB3OvOr9+ik8X19ZZE""","Sun, 30 Oct 2022 02:04:51 GMT",1.1 vegur
Cowboy,keep-alive,Express,*,"Origin, X-Requested-With, Content-Type, Accept",application/json; charset=utf-8,139,"W/""8b-xsJypC4vBb4biiVlVSv4JSGTopM""","Sun, 30 Oct 2022 02:04:51 GMT",1.1 vegur
Cowboy,keep-alive,Express,*,"Origin, X-Requested-With, Content-Type, Accept",application/json; charset=utf-8,141,"W/""8d-sfUbW7aUsW1wujXpu8HPUQYI+/4""","Sun, 30 Oct 2022 02:04:51 GMT",1.1 vegur
Cowboy,keep-alive,Express,*,"Origin, X-Requested-With, Content-Type, Accept",application/json; charset=utf-8,144,"W/""90-zZ5MBZLO8qVlFllkVhgmsy+52hw""","Sun, 30 Oct 2022 02:04:51 GMT",1.1 vegur
Cowboy,keep-alive,Express,*,"Origin, X-Requested-With, Content-Type, Accept",application/json; charset=utf-8,147,"W/""93-4XZMmx/UVUZ6qTW+5RgITvGvNfA""","Sun, 30 Oct 2022 02:04:51 GMT",1.1 vegur
Cowboy,keep-alive,Express,*,"Origin, X-Requested-With, Content-Type, Accept",application/json; charset=utf-8,138,"W/""8a-XFuUUL8UsLBWXLeIkCQzRRdqGKk""","Sun, 30 Oct 2022 02:04:56 GMT",1.1 vegur
Cowboy,keep-alive,Express,*,"Origin, X-Requested-With, Content-Type, Accept",application/json; charset=utf-8,123,"W/""7b-1aUextmK4/fqvKR2V8ivcsI717Q""","Sun, 30 Oct 2022 02:04:56 GMT",1.1 vegur
Cowboy,keep-alive,Express,*,"Origin, X-Requested-With, Content-Type, Accept",application/json; charset=utf-8,144,"W/""90-fwLust8Pwf3PmjZEQpc5t1C/uQo""","Sun, 30 Oct 2022 02:04:56 GMT",1.1 vegur
Cowboy,keep-alive,Express,*,"Origin, X-Requested-With, Content-Type, Accept",application/json; charset=utf-8,148,"W/""94-fLdFoltiYjMFWvv5scLBRII+9mo""","Sun, 30 Oct 2022 02:04:56 GMT",1.1 vegur
Cowboy,keep-alive,Express,*,"Origin, X-Requested-With, Content-Type, Accept",application/json; charset=utf-8,144,"W/""90-J9mlwrQq/VKqGulmGgRKdpaioXI""","Sun, 30 Oct 2022 02:04:56 GMT",1.1 vegur
Cowboy,keep-alive,Express,*,"Origin, X-Requested-With, Content-Type, Accept",application/json; charset=utf-8,170,"W/""aa-NI9raI6pwU3PlXyh+Zwt4R4obNg""","Sun, 30 Oct 2022 02:04:56 GMT",1.1 vegur
Cowboy,keep-alive,Express,*,"Origin, X-Requested-With, Content-Type, Accept",application/json; charset=utf-8,122,"W/""7a-3tdRv4oLtzU129McUueH4g/34pA""","Sun, 30 Oct 2022 02:04:56 GMT",1.1 vegur
Cowboy,keep-alive,Express,*,"Origin, X-Requested-With, Content-Type, Accept",application/json; charset=utf-8,141,"W/""8d-OLJ4LvjHaeGOlZUeN2tbmzTlcEc""","Sun, 30 Oct 2022 02:04:56 GMT",1.1 vegur
Cowboy,keep-alive,Express,*,"Origin, X-Requested-With, Content-Type, Accept",application/json; charset=utf-8,141,"W/""8d-d6lOOg3Rp03lZ2BgWtuW+pCeBN8""","Sun, 30 Oct 2022 02:04:56 GMT",1.1 vegur
Cowboy,keep-alive,Express,*,"Origin, X-Requested-With, Content-Type, Accept",application/json; charset=utf-8,129,"W/""81-CRSvdYzNLdBSTRSB4vD92JfbcpE""","Sun, 30 Oct 2022 02:05:02 GMT",1.1 vegur
Cowboy,keep-alive,Express,*,"Origin, X-Requested-With, Content-Type, Accept",application/json; charset=utf-8,146,"W/""92-8m1ulk7OTM97s77jzf9f0REtEAA""","Sun, 30 Oct 2022 02:05:02 GMT",1.1 vegur
Cowboy,keep-alive,Express,*,"Origin, X-Requested-With, Content-Type, Accept",application/json; charset=utf-8,137,"W/""89-4kWat+QiheHDWyuieBJ7Xq8gz2c""","Sun, 30 Oct 2022 02:05:02 GMT",1.1 vegur
Cowboy,keep-alive,Express,*,"Origin, X-Requested-With, Content-Type, Accept",application/json; charset=utf-8,137,"W/""89-iTb5112HjLnueUZsOyBh9qLsp0Y""","Sun, 30 Oct 2022 02:05:02 GMT",1.1 vegur
Cowboy,keep-alive,Express,*,"Origin, X-Requested-With, Content-Type, Accept",application/json; charset=utf-8,131,"W/""83-TVLYPXFpMA6qjqu6NGvYsc0j0wY""","Sun, 30 Oct 2022 02:05:02 GMT",1.1 vegur
Cowboy,keep-alive,Express,*,"Origin, X-Requested-With, Content-Type, Accept",application/json; charset=utf-8,155,"W/""9b-2qtIT+CbaAfPwN/SIhZa8Fg8MEY""","Sun, 30 Oct 2022 02:05:02 GMT",1.1 vegur
Cowboy,keep-alive,Express,*,"Origin, X-Requested-With, Content-Type, Accept",application/json; charset=utf-8,134,"W/""86-8I2tyGWT2BRwZpNrEw3+VvbvKzE""","Sun, 30 Oct 2022 02:05:02 GMT",1.1 vegur
Cowboy,keep-alive,Express,*,"Origin, X-Requested-With, Content-Type, Accept",application/json; charset=utf-8,125,"W/""7d-y0vMs0btdPOaCTSiMz81zppZe2Q""","Sun, 30 Oct 2022 02:05:02 GMT",1.1 vegur
Cowboy,keep-alive,Express,*,"Origin, X-Requested-With, Content-Type, Accept",application/json; charset=utf-8,151,"W/""97-CsGa20MxrZT4byYDsl3YkQoOfcQ""","Sun, 30 Oct 2022 02:05:02 GMT",1.1 vegur
Cowboy,keep-alive,Express,*,"Origin, X-Requested-With, Content-Type, Accept",application/json; charset=utf-8,146,"W/""92-1vHPnOO7DF2c3UjFKHcOEb2h2ns""","Sun, 30 Oct 2022 02:05:07 GMT",1.1 vegur
Cowboy,keep-alive,Express,*,"Origin, X-Requested-With, Content-Type, Accept",application/json; charset=utf-8,122,"W/""7a-3tdRv4oLtzU129McUueH4g/34pA""","Sun, 30 Oct 2022 02:05:07 GMT",1.1 vegur
Cowboy,keep-alive,Express,*,"Origin, X-Requested-With, Content-Type, Accept",application/json; charset=utf-8,126,"W/""7e-i7Mx4WGG6D/eD9xH1cU0WXxYiiU""","Sun, 30 Oct 2022 02:05:07 GMT",1.1 vegur
Cowboy,keep-alive,Express,*,"Origin, X-Requested-With, Content-Type, Accept",application/json; charset=utf-8,158,"W/""9e-pSTOQgB0S+O6CgRgG+xH7wUyhnM""","Sun, 30 Oct 2022 02:05:08 GMT",1.1 vegur
Cowboy,keep-alive,Express,*,"Origin, X-Requested-With, Content-Type, Accept",application/json; charset=utf-8,150,"W/""96-OxsFKFyAQkHHmQdSlpuUP7tdIPk""","Sun, 30 Oct 2022 02:05:08 GMT",1.1 vegur
Cowboy,keep-alive,Express,*,"Origin, X-Requested-With, Content-Type, Accept",application/json; charset=utf-8,152,"W/""98-Y7EtOyTdjMnw2KVsFX5ivOT3vfo""","Sun, 30 Oct 2022 02:05:08 GMT",1.1 vegur
Cowboy,keep-alive,Express,*,"Origin, X-Requested-With, Content-Type, Accept",application/json; charset=utf-8,150,"W/""96-oI4UxaFS2l6luOUwULztieM2aR8""","Sun, 30 Oct 2022 02:05:08 GMT",1.1 vegur
Cowboy,keep-alive,Express,*,"Origin, X-Requested-With, Content-Type, Accept",application/json; charset=utf-8,143,"W/""8f-7gOcVCpmHBCcKTAttCAYibE05mo""","Sun, 30 Oct 2022 02:05:08 GMT",1.1 vegur
Cowboy,keep-alive,Express,*,"Origin, X-Requested-With, Content-Type, Accept",application/json; charset=utf-8,143,"W/""8f-7gOcVCpmHBCcKTAttCAYibE05mo""","Sun, 30 Oct 2022 02:05:08 GMT",1.1 vegur
Cowboy,keep-alive,Express,*,"Origin, X-Requested-With, Content-Type, Accept",application/json; charset=utf-8,165,"W/""a5-w+ZgqMtvGXM2Wy9Wi//Vt41eb+g""","Sun, 30 Oct 2022 02:05:13 GMT",1.1 vegur
Cowboy,keep-alive,Express,*,"Origin, X-Requested-With, Content-Type, Accept",application/json; charset=utf-8,130,"W/""82-KMvPHiVV22dD2LIGFYF4sWsF714""","Sun, 30 Oct 2022 02:05:14 GMT",1.1 vegur
Cowboy,keep-alive,Express,*,"Origin, X-Requested-With, Content-Type, Accept",application/json; charset=utf-8,146,"W/""92-1vHPnOO7DF2c3UjFKHcOEb2h2ns""","Sun, 30 Oct 2022 02:05:14 GMT",1.1 vegur
Cowboy,keep-alive,Express,*,"Origin, X-Requested-With, Content-Type, Accept",application/json; charset=utf-8,145,"W/""91-k1XXlP2/pz4dc1oSi6PBC7P8dTU""","Sun, 30 Oct 2022 02:05:14 GMT",1.1 vegur
Cowboy,keep-alive,Express,*,"Origin, X-Requested-With, Content-Type, Accept",application/json; charset=utf-8,138,"W/""8a-Mrk6CtmkVgvDvUDkJ6nTwpXtuyg""","Sun, 30 Oct 2022 02:05:14 GMT",1.1 vegur
Cowboy,keep-alive,Express,*,"Origin, X-Requested-With, Content-Type, Accept",application/json; charset=utf-8,135,"W/""87-5nM+odCjz0lN54OSGZ6YLVgOXNc""","Sun, 30 Oct 2022 02:05:14 GMT",1.1 vegur
Cowboy,keep-alive,Express,*,"Origin, X-Requested-With, Content-Type, Accept",application/json; charset=utf-8,143,"W/""8f-7gOcVCpmHBCcKTAttCAYibE05mo""","Sun, 30 Oct 2022 02:05:14 GMT",1.1 vegur
Cowboy,keep-alive,Express,*,"Origin, X-Requested-With, Content-Type, Accept",application/json; charset=utf-8,147,"W/""93-gt1zIqWloBRRBnmMfqDwJNqzPRg""","Sun, 30 Oct 2022 02:05:14 GMT",1.1 vegur
Cowboy,keep-alive,Express,*,"Origin, X-Requested-With, Content-Type, Accept",application/json; charset=utf-8,119,"W/""77-WM2R57se21a1jsI76zGkWltmfNU""","Sun, 30 Oct 2022 02:05:14 GMT",1.1 vegur
Cowboy,keep-alive,Express,*,"Origin, X-Requested-With, Content-Type, Accept",application/json; charset=utf-8,161,"W/""a1-tQVCk6MofLt366epdlLBy8CwYe4""","Sun, 30 Oct 2022 02:05:20 GMT",1.1 vegur
Cowboy,keep-alive,Express,*,"Origin, X-Requested-With, Content-Type, Accept",application/json; charset=utf-8,134,"W/""86-/iskL7csf+rri6kj+j8Z78NOiHo""","Sun, 30 Oct 2022 02:05:20 GMT",1.1 vegur
Cowboy,keep-alive,Express,*,"Origin, X-Requested-With, Content-Type, Accept",application/json; charset=utf-8,145,"W/""91-n+Y6/Q2fMg+ycFElH0LRoBwY7dc""","Sun, 30 Oct 2022 02:05:20 GMT",1.1 vegur
Cowboy,keep-alive,Express,*,"Origin, X-Requested-With, Content-Type, Accept",application/json; charset=utf-8,131,"W/""83-Az/kf3ob+0N5SdkPveys2ykcbas""","Sun, 30 Oct 2022 02:05:20 GMT",1.1 vegur
Cowboy,keep-alive,Express,*,"Origin, X-Requested-With, Content-Type, Accept",application/json; charset=utf-8,145,"W/""91-k1XXlP2/pz4dc1oSi6PBC7P8dTU""","Sun, 30 Oct 2022 02:05:20 GMT",1.1 vegur
Cowboy,keep-alive,Express,*,"Origin, X-Requested-With, Content-Type, Accept",application/json; charset=utf-8,142,"W/""8e-G/XsFW2gYOHwllC2L66f96WE6OA""","Sun, 30 Oct 2022 02:05:20 GMT",1.1 vegur
Cowboy,keep-alive,Express,*,"Origin, X-Requested-With, Content-Type, Accept",application/json; charset=utf-8,130,"W/""82-KMvPHiVV22dD2LIGFYF4sWsF714""","Sun, 30 Oct 2022 02:05:19 GMT",1.1 vegur
Cowboy,keep-alive,Express,*,"Origin, X-Requested-With, Content-Type, Accept",application/json; charset=utf-8,146,"W/""92-1vHPnOO7DF2c3UjFKHcOEb2h2ns""","Sun, 30 Oct 2022 02:05:20 GMT",1.1 vegur
Cowboy,keep-alive,Express,*,"Origin, X-Requested-With, Content-Type, Accept",application/json; charset=utf-8,173,"W/""ad-zZMnm3OMcRctfbS6/JmV4bUyRGo""","Sun, 30 Oct 2022 02:05:19 GMT",1.1 vegur
Cowboy,keep-alive,Express,*,"Origin, X-Requested-With, Content-Type, Accept",application/json; charset=utf-8,144,"W/""90-J9mlwrQq/VKqGulmGgRKdpaioXI""","Sun, 30 Oct 2022 02:05:25 GMT",1.1 vegur
Cowboy,keep-alive,Express,*,"Origin, X-Requested-With, Content-Type, Accept",application/json; charset=utf-8,119,"W/""77-WM2R57se21a1jsI76zGkWltmfNU""","Sun, 30 Oct 2022 02:05:25 GMT",1.1 vegur
Cowboy,keep-alive,Express,*,"Origin, X-Requested-With, Content-Type, Accept",application/json; charset=utf-8,120,"W/""78-XYGBqJq0kuJpjPSM1gvYcU0B0BQ""","Sun, 30 Oct 2022 02:05:25 GMT",1.1 vegur
Cowboy,keep-alive,Express,*,"Origin, X-Requested-With, Content-Type, Accept",application/json; charset=utf-8,123,"W/""7b-+ilzojflYSHelBr1GbwHavMKgyw""","Sun, 30 Oct 2022 02:05:25 GMT",1.1 vegur
Cowboy,keep-alive,Express,*,"Origin, X-Requested-With, Content-Type, Accept",application/json; charset=utf-8,149,"W/""95-g4sQTGksgcne7DJnVlu9G9xZ66Y""","Sun, 30 Oct 2022 02:05:25 GMT",1.1 vegur
Cowboy,keep-alive,Express,*,"Origin, X-Requested-With, Content-Type, Accept",application/json; charset=utf-8,147,"W/""93-4XZMmx/UVUZ6qTW+5RgITvGvNfA""","Sun, 30 Oct 2022 02:05:25 GMT",1.1 vegur
Cowboy,keep-alive,Express,*,"Origin, X-Requested-With, Content-Type, Accept",application/json; charset=utf-8,213,"W/""d5-8VnC4OXXF3HYZq8dmN+TyF+aAMI""","Sun, 30 Oct 2022 02:05:25 GMT",1.1 vegur
Cowboy,keep-alive,Express,*,"Origin, X-Requested-With, Content-Type, Accept",application/json; charset=utf-8,130,"W/""82-dKp43Rb2JPiAVKSeHmz06wYkdC4""","Sun, 30 Oct 2022 02:05:25 GMT",1.1 vegur
Cowboy,keep-alive,Express,*,"Origin, X-Requested-With, Content-Type, Accept",application/json; charset=utf-8,125,"W/""7d-y0vMs0btdPOaCTSiMz81zppZe2Q""","Sun, 30 Oct 2022 02:05:25 GMT",1.1 vegur
Cowboy,keep-alive,Express,*,"Origin, X-Requested-With, Content-Type, Accept",application/json; charset=utf-8,147,"W/""93-gt1zIqWloBRRBnmMfqDwJNqzPRg""","Sun, 30 Oct 2022 02:05:31 GMT",1.1 vegur
Cowboy,keep-alive,Express,*,"Origin, X-Requested-With, Content-Type, Accept",application/json; charset=utf-8,122,"W/""7a-o+V82m/3aROAg+OfJ6lpWWQti1c""","Sun, 30 Oct 2022 02:05:31 GMT",1.1 vegur
Cowboy,keep-alive,Express,*,"Origin, X-Requested-With, Content-Type, Accept",application/json; charset=utf-8,129,"W/""81-CRSvdYzNLdBSTRSB4vD92JfbcpE""","Sun, 30 Oct 2022 02:05:31 GMT",1.1 vegur
Cowboy,keep-alive,Express,*,"Origin, X-Requested-With, Content-Type, Accept",application/json; charset=utf-8,147,"W/""93-TJaVU+wxXieikbjF4Yl7Rp6nj48""","Sun, 30 Oct 2022 02:05:31 GMT",1.1 vegur
Cowboy,keep-alive,Express,*,"Origin, X-Requested-With, Content-Type, Accept",application/json; charset=utf-8,150,"W/""96-6an0WFtY/cZOy49oLsoitk6p1XY""","Sun, 30 Oct 2022 02:05:31 GMT",1.1 vegur
Cowboy,keep-alive,Express,*,"Origin, X-Requested-With, Content-Type, Accept",application/json; charset=utf-8,141,"W/""8d-d6lOOg3Rp03lZ2BgWtuW+pCeBN8""","Sun, 30 Oct 2022 02:05:31 GMT",1.1 vegur
Cowboy,keep-alive,Express,*,"Origin, X-Requested-With, Content-Type, Accept",application/json; charset=utf-8,124,"W/""7c-cOMTa1cyHNpBb9A6nwmCKKUkyTw""","Sun, 30 Oct 2022 02:05:31 GMT",1.1 vegur
Cowboy,keep-alive,Express,*,"Origin, X-Requested-With, Content-Type, Accept",application/json; charset=utf-8,142,"W/""8e-gu0P17yNR0U+8QGq34+UTXekams""","Sun, 30 Oct 2022 02:05:31 GMT",1.1 vegur
Cowboy,keep-alive,Express,*,"Origin, X-Requested-With, Content-Type, Accept",application/json; charset=utf-8,153,"W/""99-hPnFYmxvzCaFoWuHxZrfp3yFKEM""","Sun, 30 Oct 2022 02:05:31 GMT",1.1 vegur
